Date and Time,Source,Event ID,Task Category,Process ID,Parent Process ID
11/12/2024 18:16,Microsoft-Windows-Sysmon,11,File created (rule: FileCreate),20388,
11/12/2024 18:16,Microsoft-Windows-Sysmon,11,File created (rule: FileCreate),20388,
11/12/2024 18:16,Microsoft-Windows-Sysmon,1,Process Create (rule: ProcessCreate),20388,5376
11/12/2024 18:16,Microsoft-Windows-Sysmon,1,Process Create (rule: ProcessCreate),23360,5376
11/12/2024 18:16,Microsoft-Windows-Sysmon,1,Process Create (rule: ProcessCreate),6776,5376
11/12/2024 18:16,Microsoft-Windows-Sysmon,1,Process Create (rule: ProcessCreate),25932,5376
11/12/2024 18:16,Microsoft-Windows-Sysmon,1,Process Create (rule: ProcessCreate),7712,5376
11/12/2024 18:16,Microsoft-Windows-Sysmon,1,Process Create (rule: ProcessCreate),27416,5376
11/12/2024 18:16,Microsoft-Windows-Sysmon,1,Process Create (rule: ProcessCreate),21684,5376
11/12/2024 18:16,Microsoft-Windows-Sysmon,1,Process Create (rule: ProcessCreate),1664,5376
11/12/2024 18:16,Microsoft-Windows-Sysmon,1,Process Create (rule: ProcessCreate),26260,5376
11/12/2024 18:16,Microsoft-Windows-Sysmon,1,Process Create (rule: ProcessCreate),10960,5376
11/12/2024 18:16,Microsoft-Windows-Sysmon,13,Registry value set (rule: RegistryEvent),9728,
11/12/2024 18:15,Microsoft-Windows-Sysmon,1,Process Create (rule: ProcessCreate),3700,2924
11/12/2024 18:14,Microsoft-Windows-Sysmon,1,Process Create (rule: ProcessCreate),26476,2924
11/12/2024 18:13,Microsoft-Windows-Sysmon,1,Process Create (rule: ProcessCreate),9728,2756
11/12/2024 18:13,Microsoft-Windows-Sysmon,1,Process Create (rule: ProcessCreate),2756,2332
11/12/2024 18:13,Microsoft-Windows-Sysmon,1,Process Create (rule: ProcessCreate),344,4100
11/12/2024 18:13,Microsoft-Windows-Sysmon,1,Process Create (rule: ProcessCreate),19056,2332
11/12/2024 18:13,Microsoft-Windows-Sysmon,1,Process Create (rule: ProcessCreate),26892,1524
11/12/2024 18:12,Microsoft-Windows-Sysmon,1,Process Create (rule: ProcessCreate),16864,21708
11/12/2024 18:10,Microsoft-Windows-Sysmon,1,Process Create (rule: ProcessCreate),25088,1524
11/12/2024 18:10,Microsoft-Windows-Sysmon,1,Process Create (rule: ProcessCreate),20244,2924
11/12/2024 18:10,Microsoft-Windows-Sysmon,13,Registry value set (rule: RegistryEvent),5268,
11/12/2024 18:10,Microsoft-Windows-Sysmon,13,Registry value set (rule: RegistryEvent),5268,
11/12/2024 18:10,Microsoft-Windows-Sysmon,13,Registry value set (rule: RegistryEvent),5268,
11/12/2024 18:10,Microsoft-Windows-Sysmon,13,Registry value set (rule: RegistryEvent),5268,
11/12/2024 18:09,Microsoft-Windows-Sysmon,13,Registry value set (rule: RegistryEvent),10676,
11/12/2024 18:09,Microsoft-Windows-Sysmon,1,Process Create (rule: ProcessCreate),20684,2924
11/12/2024 18:07,Microsoft-Windows-Sysmon,22,Dns query (rule: DnsQuery),3168,
11/12/2024 18:07,Microsoft-Windows-Sysmon,22,Dns query (rule: DnsQuery),3168,
11/12/2024 18:07,Microsoft-Windows-Sysmon,1,Process Create (rule: ProcessCreate),6160,2924
11/12/2024 18:04,Microsoft-Windows-Sysmon,1,Process Create (rule: ProcessCreate),22048,2924
11/12/2024 18:04,Microsoft-Windows-Sysmon,1,Process Create (rule: ProcessCreate),4364,2924
11/12/2024 18:04,Microsoft-Windows-Sysmon,1,Process Create (rule: ProcessCreate),5596,2924
11/12/2024 18:01,Microsoft-Windows-Sysmon,1,Process Create (rule: ProcessCreate),1308,2924
11/12/2024 18:01,Microsoft-Windows-Sysmon,13,Registry value set (rule: RegistryEvent),5268,
11/12/2024 18:01,Microsoft-Windows-Sysmon,13,Registry value set (rule: RegistryEvent),5268,
11/12/2024 18:01,Microsoft-Windows-Sysmon,13,Registry value set (rule: RegistryEvent),5268,
11/12/2024 18:01,Microsoft-Windows-Sysmon,13,Registry value set (rule: RegistryEvent),5268,
11/12/2024 18:01,Microsoft-Windows-Sysmon,1,Process Create (rule: ProcessCreate),22140,5160
11/12/2024 18:01,Microsoft-Windows-Sysmon,1,Process Create (rule: ProcessCreate),5160,2332
11/12/2024 18:01,Microsoft-Windows-Sysmon,1,Process Create (rule: ProcessCreate),7872,4100
11/12/2024 18:01,Microsoft-Windows-Sysmon,1,Process Create (rule: ProcessCreate),25628,2332
11/12/2024 18:01,Microsoft-Windows-Sysmon,22,Dns query (rule: DnsQuery),5784,
11/12/2024 18:00,Microsoft-Windows-Sysmon,1,Process Create (rule: ProcessCreate),26756,18424
11/12/2024 18:00,Microsoft-Windows-Sysmon,1,Process Create (rule: ProcessCreate),18424,1340
11/12/2024 18:00,Microsoft-Windows-Sysmon,1,Process Create (rule: ProcessCreate),26140,644
11/12/2024 18:00,Microsoft-Windows-Sysmon,1,Process Create (rule: ProcessCreate),644,1340
11/12/2024 18:00,Microsoft-Windows-Sysmon,1,Process Create (rule: ProcessCreate),9964,22080
11/12/2024 18:00,Microsoft-Windows-Sysmon,1,Process Create (rule: ProcessCreate),22080,2924
11/12/2024 18:00,Microsoft-Windows-Sysmon,5,Process terminated (rule: ProcessTerminate),20108,
11/12/2024 18:00,Microsoft-Windows-Sysmon,16,Sysmon config state changed,,
11/12/2024 18:00,Microsoft-Windows-Sysmon,1,Process Create (rule: ProcessCreate),20108,5540
11/12/2024 18:00,Microsoft-Windows-Sysmon,1,Process Create (rule: ProcessCreate),5540,26844
11/12/2024 18:00,Microsoft-Windows-Sysmon,5,Process terminated (rule: ProcessTerminate),27572,
11/12/2024 18:00,Microsoft-Windows-Sysmon,5,Process terminated (rule: ProcessTerminate),12512,
11/12/2024 18:00,Microsoft-Windows-Sysmon,1,Process Create (rule: ProcessCreate),4068,26844
11/12/2024 18:00,Microsoft-Windows-Sysmon,1,Process Create (rule: ProcessCreate),26844,2332
11/12/2024 18:00,Microsoft-Windows-Sysmon,5,Process terminated (rule: ProcessTerminate),24300,
11/12/2024 18:00,Microsoft-Windows-Sysmon,1,Process Create (rule: ProcessCreate),27572,2728
11/12/2024 18:00,Microsoft-Windows-Sysmon,1,Process Create (rule: ProcessCreate),12512,2728
11/12/2024 18:00,Microsoft-Windows-Sysmon,1,Process Create (rule: ProcessCreate),24300,4100
11/12/2024 18:00,Microsoft-Windows-Sysmon,5,Process terminated (rule: ProcessTerminate),18084,
11/12/2024 18:00,Microsoft-Windows-Sysmon,1,Process Create (rule: ProcessCreate),18084,2924
11/12/2024 18:00,Microsoft-Windows-Sysmon,5,Process terminated (rule: ProcessTerminate),23796,
11/12/2024 18:00,Microsoft-Windows-Sysmon,1,Process Create (rule: ProcessCreate),23796,2924
11/12/2024 17:59,Microsoft-Windows-Sysmon,5,Process terminated (rule: ProcessTerminate),26548,
11/12/2024 17:59,Microsoft-Windows-Sysmon,5,Process terminated (rule: ProcessTerminate),22208,
11/12/2024 17:59,Microsoft-Windows-Sysmon,5,Process terminated (rule: ProcessTerminate),14524,
11/12/2024 17:59,Microsoft-Windows-Sysmon,5,Process terminated (rule: ProcessTerminate),22608,
11/12/2024 17:59,Microsoft-Windows-Sysmon,5,Process terminated (rule: ProcessTerminate),15852,
11/12/2024 17:59,Microsoft-Windows-Sysmon,5,Process terminated (rule: ProcessTerminate),10056,
11/12/2024 17:59,Microsoft-Windows-Sysmon,5,Process terminated (rule: ProcessTerminate),25132,
11/12/2024 17:59,Microsoft-Windows-Sysmon,1,Process Create (rule: ProcessCreate),25132,10056
11/12/2024 17:59,Microsoft-Windows-Sysmon,1,Process Create (rule: ProcessCreate),10056,15852
11/12/2024 17:59,Microsoft-Windows-Sysmon,5,Process terminated (rule: ProcessTerminate),10528,
11/12/2024 17:59,Microsoft-Windows-Sysmon,5,Process terminated (rule: ProcessTerminate),25892,
11/12/2024 17:59,Microsoft-Windows-Sysmon,5,Process terminated (rule: ProcessTerminate),26372,
11/12/2024 17:59,Microsoft-Windows-Sysmon,1,Process Create (rule: ProcessCreate),25892,10528
11/12/2024 17:59,Microsoft-Windows-Sysmon,5,Process terminated (rule: ProcessTerminate),21688,
11/12/2024 17:59,Microsoft-Windows-Sysmon,5,Process terminated (rule: ProcessTerminate),24972,
11/12/2024 17:59,Microsoft-Windows-Sysmon,5,Process terminated (rule: ProcessTerminate),12228,
11/12/2024 17:59,Microsoft-Windows-Sysmon,5,Process terminated (rule: ProcessTerminate),15444,
11/12/2024 17:59,Microsoft-Windows-Sysmon,5,Process terminated (rule: ProcessTerminate),24596,
11/12/2024 17:59,Microsoft-Windows-Sysmon,1,Process Create (rule: ProcessCreate),10532,1340
11/12/2024 17:59,Microsoft-Windows-Sysmon,5,Process terminated (rule: ProcessTerminate),18584,
11/12/2024 17:59,Microsoft-Windows-Sysmon,5,Process terminated (rule: ProcessTerminate),22904,
11/12/2024 17:59,Microsoft-Windows-Sysmon,1,Process Create (rule: ProcessCreate),15444,1524
11/12/2024 17:59,Microsoft-Windows-Sysmon,1,Process Create (rule: ProcessCreate),12228,1524
11/12/2024 17:59,Microsoft-Windows-Sysmon,1,Process Create (rule: ProcessCreate),24596,1524
11/12/2024 17:59,Microsoft-Windows-Sysmon,1,Process Create (rule: ProcessCreate),10072,1340
11/12/2024 17:59,Microsoft-Windows-Sysmon,5,Process terminated (rule: ProcessTerminate),23428,
11/12/2024 17:59,Microsoft-Windows-Sysmon,1,Process Create (rule: ProcessCreate),23428,1524
11/12/2024 17:59,Microsoft-Windows-Sysmon,1,Process Create (rule: ProcessCreate),26260,10676
11/12/2024 17:59,Microsoft-Windows-Sysmon,5,Process terminated (rule: ProcessTerminate),26664,
11/12/2024 17:59,Microsoft-Windows-Sysmon,5,Process terminated (rule: ProcessTerminate),4600,
11/12/2024 17:59,Microsoft-Windows-Sysmon,1,Process Create (rule: ProcessCreate),10676,4600
11/12/2024 17:59,Microsoft-Windows-Sysmon,5,Process terminated (rule: ProcessTerminate),27040,
11/12/2024 17:59,Microsoft-Windows-Sysmon,1,Process Create (rule: ProcessCreate),26664,4600
11/12/2024 17:59,Microsoft-Windows-Sysmon,1,Process Create (rule: ProcessCreate),4600,21688
11/12/2024 17:59,Microsoft-Windows-Sysmon,1,Process Create (rule: ProcessCreate),21688,10528
11/12/2024 17:59,Microsoft-Windows-Sysmon,5,Process terminated (rule: ProcessTerminate),23624,
11/12/2024 17:59,Microsoft-Windows-Sysmon,5,Process terminated (rule: ProcessTerminate),22900,
11/12/2024 17:59,Microsoft-Windows-Sysmon,1,Process Create (rule: ProcessCreate),22608,15852
11/12/2024 17:59,Microsoft-Windows-Sysmon,1,Process Create (rule: ProcessCreate),15852,2924
11/12/2024 17:58,Microsoft-Windows-Sysmon,5,Process terminated (rule: ProcessTerminate),7696,
11/12/2024 17:58,Microsoft-Windows-Sysmon,5,Process terminated (rule: ProcessTerminate),22296,
11/12/2024 17:58,Microsoft-Windows-Sysmon,1,Process Create (rule: ProcessCreate),7696,22296
11/12/2024 17:58,Microsoft-Windows-Sysmon,1,Process Create (rule: ProcessCreate),22296,2924
11/12/2024 17:58,Microsoft-Windows-Sysmon,5,Process terminated (rule: ProcessTerminate),17576,
11/12/2024 17:58,Microsoft-Windows-Sysmon,1,Process Create (rule: ProcessCreate),26548,22208
11/12/2024 17:58,Microsoft-Windows-Sysmon,1,Process Create (rule: ProcessCreate),22208,2332
11/12/2024 17:58,Microsoft-Windows-Sysmon,5,Process terminated (rule: ProcessTerminate),2228,
11/12/2024 17:58,Microsoft-Windows-Sysmon,1,Process Create (rule: ProcessCreate),18308,1524
11/12/2024 17:58,Microsoft-Windows-Sysmon,1,Process Create (rule: ProcessCreate),18032,1340
11/12/2024 17:58,Microsoft-Windows-Sysmon,1,Process Create (rule: ProcessCreate),14576,1340
11/12/2024 17:58,Microsoft-Windows-Sysmon,1,Process Create (rule: ProcessCreate),26220,1524
11/12/2024 17:58,Microsoft-Windows-Sysmon,1,Process Create (rule: ProcessCreate),22900,2728
11/12/2024 17:58,Microsoft-Windows-Sysmon,1,Process Create (rule: ProcessCreate),17576,2728
11/12/2024 17:58,Microsoft-Windows-Sysmon,1,Process Create (rule: ProcessCreate),2228,4100
11/12/2024 17:58,Microsoft-Windows-Sysmon,5,Process terminated (rule: ProcessTerminate),22420,
11/12/2024 17:58,Microsoft-Windows-Sysmon,1,Process Create (rule: ProcessCreate),10528,1340
11/12/2024 17:58,Microsoft-Windows-Sysmon,1,Process Create (rule: ProcessCreate),24972,1340
11/12/2024 17:58,Microsoft-Windows-Sysmon,5,Process terminated (rule: ProcessTerminate),27104,
11/12/2024 17:58,Microsoft-Windows-Sysmon,1,Process Create (rule: ProcessCreate),22904,1524
11/12/2024 17:58,Microsoft-Windows-Sysmon,1,Process Create (rule: ProcessCreate),27104,1524
11/12/2024 17:58,Microsoft-Windows-Sysmon,5,Process terminated (rule: ProcessTerminate),10772,
11/12/2024 17:58,Microsoft-Windows-Sysmon,5,Process terminated (rule: ProcessTerminate),19740,
11/12/2024 17:58,Microsoft-Windows-Sysmon,5,Process terminated (rule: ProcessTerminate),17756,
11/12/2024 17:58,Microsoft-Windows-Sysmon,5,Process terminated (rule: ProcessTerminate),17100,
11/12/2024 17:58,Microsoft-Windows-Sysmon,5,Process terminated (rule: ProcessTerminate),23916,
11/12/2024 17:58,Microsoft-Windows-Sysmon,5,Process terminated (rule: ProcessTerminate),11864,
11/12/2024 17:58,Microsoft-Windows-Sysmon,5,Process terminated (rule: ProcessTerminate),6488,
11/12/2024 17:58,Microsoft-Windows-Sysmon,1,Process Create (rule: ProcessCreate),6488,14524
11/12/2024 17:58,Microsoft-Windows-Sysmon,5,Process terminated (rule: ProcessTerminate),9540,
11/12/2024 17:58,Microsoft-Windows-Sysmon,1,Process Create (rule: ProcessCreate),14524,1340
11/12/2024 17:58,Microsoft-Windows-Sysmon,5,Process terminated (rule: ProcessTerminate),26536,
11/12/2024 17:58,Microsoft-Windows-Sysmon,5,Process terminated (rule: ProcessTerminate),10356,
11/12/2024 17:58,Microsoft-Windows-Sysmon,1,Process Create (rule: ProcessCreate),23916,1340
11/12/2024 17:58,Microsoft-Windows-Sysmon,1,Process Create (rule: ProcessCreate),26536,2924
11/12/2024 17:58,Microsoft-Windows-Sysmon,1,Process Create (rule: ProcessCreate),9540,19360
11/12/2024 17:58,Microsoft-Windows-Sysmon,5,Process terminated (rule: ProcessTerminate),18164,
11/12/2024 17:58,Microsoft-Windows-Sysmon,5,Process terminated (rule: ProcessTerminate),22812,
11/12/2024 17:58,Microsoft-Windows-Sysmon,5,Process terminated (rule: ProcessTerminate),1876,
11/12/2024 17:58,Microsoft-Windows-Sysmon,1,Process Create (rule: ProcessCreate),17100,2924
11/12/2024 17:58,Microsoft-Windows-Sysmon,1,Process Create (rule: ProcessCreate),1876,2924
11/12/2024 17:58,Microsoft-Windows-Sysmon,1,Process Create (rule: ProcessCreate),18164,22812
11/12/2024 17:58,Microsoft-Windows-Sysmon,5,Process terminated (rule: ProcessTerminate),11304,
11/12/2024 17:58,Microsoft-Windows-Sysmon,1,Process Create (rule: ProcessCreate),17756,2924
11/12/2024 17:58,Microsoft-Windows-Sysmon,1,Process Create (rule: ProcessCreate),10356,2924
11/12/2024 17:58,Microsoft-Windows-Sysmon,1,Process Create (rule: ProcessCreate),22812,2924
11/12/2024 17:58,Microsoft-Windows-Sysmon,1,Process Create (rule: ProcessCreate),11304,2924
11/12/2024 17:58,Microsoft-Windows-Sysmon,1,Process Create (rule: ProcessCreate),19360,2924
11/12/2024 17:58,Microsoft-Windows-Sysmon,1,Process Create (rule: ProcessCreate),11864,2924
11/12/2024 17:58,Microsoft-Windows-Sysmon,1,Process Create (rule: ProcessCreate),23624,2924
11/12/2024 17:58,Microsoft-Windows-Sysmon,1,Process Create (rule: ProcessCreate),26372,2924
11/12/2024 17:58,Microsoft-Windows-Sysmon,5,Process terminated (rule: ProcessTerminate),10624,
11/12/2024 17:57,Microsoft-Windows-Sysmon,1,Process Create (rule: ProcessCreate),25316,1524
11/12/2024 17:57,Microsoft-Windows-Sysmon,5,Process terminated (rule: ProcessTerminate),884,
11/12/2024 17:57,Microsoft-Windows-Sysmon,5,Process terminated (rule: ProcessTerminate),18308,
11/12/2024 17:57,Microsoft-Windows-Sysmon,5,Process terminated (rule: ProcessTerminate),9652,
11/12/2024 17:57,Microsoft-Windows-Sysmon,1,Process Create (rule: ProcessCreate),18308,9652
11/12/2024 17:57,Microsoft-Windows-Sysmon,1,Process Create (rule: ProcessCreate),9652,2924
11/12/2024 17:57,Microsoft-Windows-Sysmon,5,Process terminated (rule: ProcessTerminate),5708,
11/12/2024 17:57,Microsoft-Windows-Sysmon,5,Process terminated (rule: ProcessTerminate),21940,
11/12/2024 17:57,Microsoft-Windows-Sysmon,5,Process terminated (rule: ProcessTerminate),13976,
11/12/2024 17:57,Microsoft-Windows-Sysmon,5,Process terminated (rule: ProcessTerminate),10880,
11/12/2024 17:57,Microsoft-Windows-Sysmon,5,Process terminated (rule: ProcessTerminate),25824,
11/12/2024 17:57,Microsoft-Windows-Sysmon,1,Process Create (rule: ProcessCreate),10772,19740
11/12/2024 17:57,Microsoft-Windows-Sysmon,1,Process Create (rule: ProcessCreate),19740,2332
11/12/2024 17:57,Microsoft-Windows-Sysmon,5,Process terminated (rule: ProcessTerminate),25760,
11/12/2024 17:57,Microsoft-Windows-Sysmon,1,Process Create (rule: ProcessCreate),10880,2728
11/12/2024 17:57,Microsoft-Windows-Sysmon,1,Process Create (rule: ProcessCreate),25824,2728
11/12/2024 17:57,Microsoft-Windows-Sysmon,1,Process Create (rule: ProcessCreate),25760,4100
11/12/2024 17:57,Microsoft-Windows-Sysmon,1,Process Create (rule: ProcessCreate),27636,1524
11/12/2024 17:57,Microsoft-Windows-Sysmon,5,Process terminated (rule: ProcessTerminate),25688,
11/12/2024 17:57,Microsoft-Windows-Sysmon,1,Process Create (rule: ProcessCreate),25688,1524
11/12/2024 17:57,Microsoft-Windows-Sysmon,5,Process terminated (rule: ProcessTerminate),18980,
11/12/2024 17:57,Microsoft-Windows-Sysmon,5,Process terminated (rule: ProcessTerminate),27640,
11/12/2024 17:57,Microsoft-Windows-Sysmon,5,Process terminated (rule: ProcessTerminate),26572,
11/12/2024 17:57,Microsoft-Windows-Sysmon,5,Process terminated (rule: ProcessTerminate),10380,
11/12/2024 17:57,Microsoft-Windows-Sysmon,1,Process Create (rule: ProcessCreate),10380,1340
11/12/2024 17:57,Microsoft-Windows-Sysmon,1,Process Create (rule: ProcessCreate),26572,2924
11/12/2024 17:57,Microsoft-Windows-Sysmon,5,Process terminated (rule: ProcessTerminate),20716,
11/12/2024 17:57,Microsoft-Windows-Sysmon,5,Process terminated (rule: ProcessTerminate),4048,
11/12/2024 17:56,Microsoft-Windows-Sysmon,1,Process Create (rule: ProcessCreate),4048,1340
11/12/2024 17:56,Microsoft-Windows-Sysmon,1,Process Create (rule: ProcessCreate),20716,2924
11/12/2024 17:56,Microsoft-Windows-Sysmon,5,Process terminated (rule: ProcessTerminate),5868,
11/12/2024 17:56,Microsoft-Windows-Sysmon,5,Process terminated (rule: ProcessTerminate),5060,
11/12/2024 17:56,Microsoft-Windows-Sysmon,1,Process Create (rule: ProcessCreate),5868,21708
11/12/2024 17:56,Microsoft-Windows-Sysmon,5,Process terminated (rule: ProcessTerminate),20788,
11/12/2024 17:56,Microsoft-Windows-Sysmon,1,Process Create (rule: ProcessCreate),10624,1524
11/12/2024 17:56,Microsoft-Windows-Sysmon,1,Process Create (rule: ProcessCreate),20788,21708
11/12/2024 17:56,Microsoft-Windows-Sysmon,5,Process terminated (rule: ProcessTerminate),17664,
11/12/2024 17:56,Microsoft-Windows-Sysmon,5,Process terminated (rule: ProcessTerminate),12204,
11/12/2024 17:56,Microsoft-Windows-Sysmon,5,Process terminated (rule: ProcessTerminate),20024,
11/12/2024 17:56,Microsoft-Windows-Sysmon,1,Process Create (rule: ProcessCreate),20024,2924
11/12/2024 17:56,Microsoft-Windows-Sysmon,5,Process terminated (rule: ProcessTerminate),19876,
11/12/2024 17:56,Microsoft-Windows-Sysmon,1,Process Create (rule: ProcessCreate),21940,1524
11/12/2024 17:56,Microsoft-Windows-Sysmon,1,Process Create (rule: ProcessCreate),19876,2924
11/12/2024 17:56,Microsoft-Windows-Sysmon,1,Process Create (rule: ProcessCreate),5004,21708
11/12/2024 17:56,Microsoft-Windows-Sysmon,1,Process Create (rule: ProcessCreate),884,14076
11/12/2024 17:56,Microsoft-Windows-Sysmon,1,Process Create (rule: ProcessCreate),13976,1524
11/12/2024 17:56,Microsoft-Windows-Sysmon,1,Process Create (rule: ProcessCreate),17664,1524
11/12/2024 17:56,Microsoft-Windows-Sysmon,5,Process terminated (rule: ProcessTerminate),23296,
11/12/2024 17:56,Microsoft-Windows-Sysmon,5,Process terminated (rule: ProcessTerminate),17692,
11/12/2024 17:56,Microsoft-Windows-Sysmon,1,Process Create (rule: ProcessCreate),27312,21708
11/12/2024 17:56,Microsoft-Windows-Sysmon,5,Process terminated (rule: ProcessTerminate),4672,
11/12/2024 17:56,Microsoft-Windows-Sysmon,5,Process terminated (rule: ProcessTerminate),27244,
11/12/2024 17:56,Microsoft-Windows-Sysmon,1,Process Create (rule: ProcessCreate),17692,23296
11/12/2024 17:56,Microsoft-Windows-Sysmon,5,Process terminated (rule: ProcessTerminate),20684,
11/12/2024 17:56,Microsoft-Windows-Sysmon,1,Process Create (rule: ProcessCreate),23296,1340
11/12/2024 17:55,Microsoft-Windows-Sysmon,5,Process terminated (rule: ProcessTerminate),26756,
11/12/2024 17:55,Microsoft-Windows-Sysmon,5,Process terminated (rule: ProcessTerminate),25224,
11/12/2024 17:55,Microsoft-Windows-Sysmon,5,Process terminated (rule: ProcessTerminate),13944,
11/12/2024 17:55,Microsoft-Windows-Sysmon,1,Process Create (rule: ProcessCreate),27244,2924
11/12/2024 17:55,Microsoft-Windows-Sysmon,5,Process terminated (rule: ProcessTerminate),18884,
11/12/2024 17:55,Microsoft-Windows-Sysmon,5,Process terminated (rule: ProcessTerminate),15380,
11/12/2024 17:55,Microsoft-Windows-Sysmon,5,Process terminated (rule: ProcessTerminate),21272,
11/12/2024 17:55,Microsoft-Windows-Sysmon,5,Process terminated (rule: ProcessTerminate),19128,
11/12/2024 17:55,Microsoft-Windows-Sysmon,5,Process terminated (rule: ProcessTerminate),13976,
11/12/2024 17:55,Microsoft-Windows-Sysmon,5,Process terminated (rule: ProcessTerminate),14792,
11/12/2024 17:55,Microsoft-Windows-Sysmon,5,Process terminated (rule: ProcessTerminate),7384,
11/12/2024 17:55,Microsoft-Windows-Sysmon,1,Process Create (rule: ProcessCreate),7384,14792
11/12/2024 17:55,Microsoft-Windows-Sysmon,5,Process terminated (rule: ProcessTerminate),18164,
11/12/2024 17:55,Microsoft-Windows-Sysmon,1,Process Create (rule: ProcessCreate),18164,14792
11/12/2024 17:55,Microsoft-Windows-Sysmon,5,Process terminated (rule: ProcessTerminate),24000,
11/12/2024 17:55,Microsoft-Windows-Sysmon,1,Process Create (rule: ProcessCreate),24000,14792
11/12/2024 17:55,Microsoft-Windows-Sysmon,1,Process Create (rule: ProcessCreate),13976,14792
11/12/2024 17:55,Microsoft-Windows-Sysmon,5,Process terminated (rule: ProcessTerminate),25312,
11/12/2024 17:55,Microsoft-Windows-Sysmon,5,Process terminated (rule: ProcessTerminate),13852,
11/12/2024 17:55,Microsoft-Windows-Sysmon,1,Process Create (rule: ProcessCreate),14792,13852
11/12/2024 17:55,Microsoft-Windows-Sysmon,1,Process Create (rule: ProcessCreate),20684,1340
11/12/2024 17:55,Microsoft-Windows-Sysmon,5,Process terminated (rule: ProcessTerminate),9400,
11/12/2024 17:55,Microsoft-Windows-Sysmon,5,Process terminated (rule: ProcessTerminate),22188,
11/12/2024 17:54,Microsoft-Windows-Sysmon,5,Process terminated (rule: ProcessTerminate),16644,
11/12/2024 17:54,Microsoft-Windows-Sysmon,5,Process terminated (rule: ProcessTerminate),13728,
11/12/2024 17:54,Microsoft-Windows-Sysmon,5,Process terminated (rule: ProcessTerminate),10124,
11/12/2024 17:54,Microsoft-Windows-Sysmon,5,Process terminated (rule: ProcessTerminate),27528,
11/12/2024 17:54,Microsoft-Windows-Sysmon,5,Process terminated (rule: ProcessTerminate),17880,
11/12/2024 17:54,Microsoft-Windows-Sysmon,5,Process terminated (rule: ProcessTerminate),16464,
11/12/2024 17:54,Microsoft-Windows-Sysmon,5,Process terminated (rule: ProcessTerminate),12692,
11/12/2024 17:54,Microsoft-Windows-Sysmon,5,Process terminated (rule: ProcessTerminate),20692,
11/12/2024 17:54,Microsoft-Windows-Sysmon,1,Process Create (rule: ProcessCreate),24204,12908
11/12/2024 17:54,Microsoft-Windows-Sysmon,1,Process Create (rule: ProcessCreate),12908,5244
11/12/2024 17:54,Microsoft-Windows-Sysmon,5,Process terminated (rule: ProcessTerminate),26556,
11/12/2024 17:54,Microsoft-Windows-Sysmon,1,Process Create (rule: ProcessCreate),26556,1524
11/12/2024 17:54,Microsoft-Windows-Sysmon,5,Process terminated (rule: ProcessTerminate),11924,
11/12/2024 17:54,Microsoft-Windows-Sysmon,1,Process Create (rule: ProcessCreate),25312,13852
11/12/2024 17:54,Microsoft-Windows-Sysmon,1,Process Create (rule: ProcessCreate),13852,1340
11/12/2024 17:54,Microsoft-Windows-Sysmon,1,Process Create (rule: ProcessCreate),16644,13728
11/12/2024 17:54,Microsoft-Windows-Sysmon,1,Process Create (rule: ProcessCreate),13728,2924
11/12/2024 17:54,Microsoft-Windows-Sysmon,1,Process Create (rule: ProcessCreate),23540,4448
11/12/2024 17:54,Microsoft-Windows-Sysmon,5,Process terminated (rule: ProcessTerminate),4700,
11/12/2024 17:54,Microsoft-Windows-Sysmon,1,Process Create (rule: ProcessCreate),15380,1524
11/12/2024 17:54,Microsoft-Windows-Sysmon,5,Process terminated (rule: ProcessTerminate),26524,
11/12/2024 17:54,Microsoft-Windows-Sysmon,1,Process Create (rule: ProcessCreate),21272,1524
11/12/2024 17:54,Microsoft-Windows-Sysmon,1,Process Create (rule: ProcessCreate),26524,1524
11/12/2024 17:54,Microsoft-Windows-Sysmon,1,Process Create (rule: ProcessCreate),4700,1524
11/12/2024 17:54,Microsoft-Windows-Sysmon,5,Process terminated (rule: ProcessTerminate),14972,
11/12/2024 17:54,Microsoft-Windows-Sysmon,5,Process terminated (rule: ProcessTerminate),1808,
11/12/2024 17:54,Microsoft-Windows-Sysmon,1,Process Create (rule: ProcessCreate),1808,14972
11/12/2024 17:54,Microsoft-Windows-Sysmon,1,Process Create (rule: ProcessCreate),14972,27640
11/12/2024 17:54,Microsoft-Windows-Sysmon,1,Process Create (rule: ProcessCreate),26756,14076
11/12/2024 17:54,Microsoft-Windows-Sysmon,5,Process terminated (rule: ProcessTerminate),21668,
11/12/2024 17:54,Microsoft-Windows-Sysmon,5,Process terminated (rule: ProcessTerminate),10800,
11/12/2024 17:54,Microsoft-Windows-Sysmon,5,Process terminated (rule: ProcessTerminate),20312,
11/12/2024 17:54,Microsoft-Windows-Sysmon,5,Process terminated (rule: ProcessTerminate),18048,
11/12/2024 17:54,Microsoft-Windows-Sysmon,5,Process terminated (rule: ProcessTerminate),21684,
11/12/2024 17:54,Microsoft-Windows-Sysmon,5,Process terminated (rule: ProcessTerminate),16556,
11/12/2024 17:54,Microsoft-Windows-Sysmon,5,Process terminated (rule: ProcessTerminate),26812,
11/12/2024 17:53,Microsoft-Windows-Sysmon,1,Process Create (rule: ProcessCreate),27040,1524
11/12/2024 17:53,Microsoft-Windows-Sysmon,5,Process terminated (rule: ProcessTerminate),944,
11/12/2024 17:53,Microsoft-Windows-Sysmon,5,Process terminated (rule: ProcessTerminate),26400,
11/12/2024 17:53,Microsoft-Windows-Sysmon,1,Process Create (rule: ProcessCreate),944,26400
11/12/2024 17:53,Microsoft-Windows-Sysmon,1,Process Create (rule: ProcessCreate),26400,2924
11/12/2024 17:53,Microsoft-Windows-Sysmon,1,Process Create (rule: ProcessCreate),20312,21708
11/12/2024 17:53,Microsoft-Windows-Sysmon,1,Process Create (rule: ProcessCreate),4672,1524
11/12/2024 17:53,Microsoft-Windows-Sysmon,1,Process Create (rule: ProcessCreate),16556,1524
11/12/2024 17:53,Microsoft-Windows-Sysmon,1,Process Create (rule: ProcessCreate),22188,1524
11/12/2024 17:53,Microsoft-Windows-Sysmon,1,Process Create (rule: ProcessCreate),11044,1524
11/12/2024 17:53,Microsoft-Windows-Sysmon,1,Process Create (rule: ProcessCreate),18884,1524
11/12/2024 17:53,Microsoft-Windows-Sysmon,1,Process Create (rule: ProcessCreate),9400,1524
11/12/2024 17:53,Microsoft-Windows-Sysmon,5,Process terminated (rule: ProcessTerminate),16040,
11/12/2024 17:53,Microsoft-Windows-Sysmon,1,Process Create (rule: ProcessCreate),21684,18048
11/12/2024 17:53,Microsoft-Windows-Sysmon,1,Process Create (rule: ProcessCreate),10124,17880
11/12/2024 17:53,Microsoft-Windows-Sysmon,1,Process Create (rule: ProcessCreate),17880,1340
11/12/2024 17:53,Microsoft-Windows-Sysmon,5,Process terminated (rule: ProcessTerminate),25620,
11/12/2024 17:53,Microsoft-Windows-Sysmon,5,Process terminated (rule: ProcessTerminate),6596,
11/12/2024 17:53,Microsoft-Windows-Sysmon,1,Process Create (rule: ProcessCreate),6596,2924
11/12/2024 17:53,Microsoft-Windows-Sysmon,5,Process terminated (rule: ProcessTerminate),1896,
11/12/2024 17:53,Microsoft-Windows-Sysmon,1,Process Create (rule: ProcessCreate),1896,2924
11/12/2024 17:53,Microsoft-Windows-Sysmon,5,Process terminated (rule: ProcessTerminate),14148,
11/12/2024 17:53,Microsoft-Windows-Sysmon,5,Process terminated (rule: ProcessTerminate),15432,
11/12/2024 17:53,Microsoft-Windows-Sysmon,5,Process terminated (rule: ProcessTerminate),25972,
11/12/2024 17:53,Microsoft-Windows-Sysmon,5,Process terminated (rule: ProcessTerminate),10480,
11/12/2024 17:53,Microsoft-Windows-Sysmon,1,Process Create (rule: ProcessCreate),18048,1340
11/12/2024 17:53,Microsoft-Windows-Sysmon,5,Process terminated (rule: ProcessTerminate),26160,
11/12/2024 17:53,Microsoft-Windows-Sysmon,5,Process terminated (rule: ProcessTerminate),6044,
11/12/2024 17:53,Microsoft-Windows-Sysmon,5,Process terminated (rule: ProcessTerminate),12792,
11/12/2024 17:53,Microsoft-Windows-Sysmon,5,Process terminated (rule: ProcessTerminate),22232,
11/12/2024 17:53,Microsoft-Windows-Sysmon,1,Process Create (rule: ProcessCreate),22232,1340
11/12/2024 17:53,Microsoft-Windows-Sysmon,1,Process Create (rule: ProcessCreate),12792,2924
11/12/2024 17:53,Microsoft-Windows-Sysmon,5,Process terminated (rule: ProcessTerminate),17652,
11/12/2024 17:53,Microsoft-Windows-Sysmon,5,Process terminated (rule: ProcessTerminate),20768,
11/12/2024 17:53,Microsoft-Windows-Sysmon,1,Process Create (rule: ProcessCreate),20768,1340
11/12/2024 17:53,Microsoft-Windows-Sysmon,1,Process Create (rule: ProcessCreate),17652,2924
11/12/2024 17:53,Microsoft-Windows-Sysmon,1,Process Create (rule: ProcessCreate),17344,5284
11/12/2024 17:53,Microsoft-Windows-Sysmon,1,Process Create (rule: ProcessCreate),5284,4812
11/12/2024 17:53,Microsoft-Windows-Sysmon,5,Process terminated (rule: ProcessTerminate),20772,
11/12/2024 17:53,Microsoft-Windows-Sysmon,5,Process terminated (rule: ProcessTerminate),18604,
11/12/2024 17:53,Microsoft-Windows-Sysmon,5,Process terminated (rule: ProcessTerminate),19032,
11/12/2024 17:53,Microsoft-Windows-Sysmon,5,Process terminated (rule: ProcessTerminate),20544,
11/12/2024 17:53,Microsoft-Windows-Sysmon,1,Process Create (rule: ProcessCreate),20544,21708
11/12/2024 17:53,Microsoft-Windows-Sysmon,5,Process terminated (rule: ProcessTerminate),14092,
11/12/2024 17:53,Microsoft-Windows-Sysmon,5,Process terminated (rule: ProcessTerminate),24504,
11/12/2024 17:53,Microsoft-Windows-Sysmon,5,Process terminated (rule: ProcessTerminate),3280,
11/12/2024 17:53,Microsoft-Windows-Sysmon,1,Process Create (rule: ProcessCreate),3280,2924
11/12/2024 17:53,Microsoft-Windows-Sysmon,5,Process terminated (rule: ProcessTerminate),16912,
11/12/2024 17:53,Microsoft-Windows-Sysmon,1,Process Create (rule: ProcessCreate),19032,16912
11/12/2024 17:53,Microsoft-Windows-Sysmon,1,Process Create (rule: ProcessCreate),26812,1340
11/12/2024 17:53,Microsoft-Windows-Sysmon,5,Process terminated (rule: ProcessTerminate),25272,
11/12/2024 17:53,Microsoft-Windows-Sysmon,1,Process Create (rule: ProcessCreate),25272,2924
11/12/2024 17:52,Microsoft-Windows-Sysmon,5,Process terminated (rule: ProcessTerminate),5284,
11/12/2024 17:52,Microsoft-Windows-Sysmon,5,Process terminated (rule: ProcessTerminate),7004,
11/12/2024 17:52,Microsoft-Windows-Sysmon,1,Process Create (rule: ProcessCreate),5284,7004
11/12/2024 17:52,Microsoft-Windows-Sysmon,1,Process Create (rule: ProcessCreate),7004,2924
11/12/2024 17:52,Microsoft-Windows-Sysmon,5,Process terminated (rule: ProcessTerminate),24488,
11/12/2024 17:52,Microsoft-Windows-Sysmon,1,Process Create (rule: ProcessCreate),24488,2924
11/12/2024 17:52,Microsoft-Windows-Sysmon,5,Process terminated (rule: ProcessTerminate),11976,
11/12/2024 17:52,Microsoft-Windows-Sysmon,5,Process terminated (rule: ProcessTerminate),26204,
11/12/2024 17:52,Microsoft-Windows-Sysmon,5,Process terminated (rule: ProcessTerminate),8764,
11/12/2024 17:52,Microsoft-Windows-Sysmon,5,Process terminated (rule: ProcessTerminate),19120,
11/12/2024 17:52,Microsoft-Windows-Sysmon,5,Process terminated (rule: ProcessTerminate),9448,
11/12/2024 17:52,Microsoft-Windows-Sysmon,1,Process Create (rule: ProcessCreate),26204,1524
11/12/2024 17:52,Microsoft-Windows-Sysmon,1,Process Create (rule: ProcessCreate),8764,1524
11/12/2024 17:52,Microsoft-Windows-Sysmon,5,Process terminated (rule: ProcessTerminate),9888,
11/12/2024 17:52,Microsoft-Windows-Sysmon,1,Process Create (rule: ProcessCreate),9888,2924
11/12/2024 17:52,Microsoft-Windows-Sysmon,5,Process terminated (rule: ProcessTerminate),7456,
11/12/2024 17:52,Microsoft-Windows-Sysmon,5,Process terminated (rule: ProcessTerminate),18056,
11/12/2024 17:52,Microsoft-Windows-Sysmon,5,Process terminated (rule: ProcessTerminate),17756,
11/12/2024 17:52,Microsoft-Windows-Sysmon,5,Process terminated (rule: ProcessTerminate),26444,
11/12/2024 17:52,Microsoft-Windows-Sysmon,1,Process Create (rule: ProcessCreate),17756,26444
11/12/2024 17:52,Microsoft-Windows-Sysmon,1,Process Create (rule: ProcessCreate),26444,5244
11/12/2024 17:52,Microsoft-Windows-Sysmon,5,Process terminated (rule: ProcessTerminate),19400,
11/12/2024 17:52,Microsoft-Windows-Sysmon,5,Process terminated (rule: ProcessTerminate),17280,
11/12/2024 17:52,Microsoft-Windows-Sysmon,1,Process Create (rule: ProcessCreate),19400,17280
11/12/2024 17:52,Microsoft-Windows-Sysmon,1,Process Create (rule: ProcessCreate),17280,5244
11/12/2024 17:52,Microsoft-Windows-Sysmon,5,Process terminated (rule: ProcessTerminate),18792,
11/12/2024 17:52,Microsoft-Windows-Sysmon,5,Process terminated (rule: ProcessTerminate),20824,
11/12/2024 17:52,Microsoft-Windows-Sysmon,5,Process terminated (rule: ProcessTerminate),17928,
11/12/2024 17:52,Microsoft-Windows-Sysmon,5,Process terminated (rule: ProcessTerminate),22596,
11/12/2024 17:52,Microsoft-Windows-Sysmon,5,Process terminated (rule: ProcessTerminate),16084,
11/12/2024 17:52,Microsoft-Windows-Sysmon,5,Process terminated (rule: ProcessTerminate),5280,
11/12/2024 17:52,Microsoft-Windows-Sysmon,5,Process terminated (rule: ProcessTerminate),9424,
11/12/2024 17:52,Microsoft-Windows-Sysmon,5,Process terminated (rule: ProcessTerminate),23152,
11/12/2024 17:52,Microsoft-Windows-Sysmon,5,Process terminated (rule: ProcessTerminate),16960,
11/12/2024 17:52,Microsoft-Windows-Sysmon,5,Process terminated (rule: ProcessTerminate),5128,
11/12/2024 17:52,Microsoft-Windows-Sysmon,5,Process terminated (rule: ProcessTerminate),3460,
11/12/2024 17:52,Microsoft-Windows-Sysmon,5,Process terminated (rule: ProcessTerminate),23692,
11/12/2024 17:52,Microsoft-Windows-Sysmon,1,Process Create (rule: ProcessCreate),9424,23152
11/12/2024 17:52,Microsoft-Windows-Sysmon,1,Process Create (rule: ProcessCreate),23152,4872
11/12/2024 17:52,Microsoft-Windows-Sysmon,1,Process Create (rule: ProcessCreate),18792,2728
11/12/2024 17:52,Microsoft-Windows-Sysmon,1,Process Create (rule: ProcessCreate),16960,2728
11/12/2024 17:52,Microsoft-Windows-Sysmon,1,Process Create (rule: ProcessCreate),11924,1340
11/12/2024 17:52,Microsoft-Windows-Sysmon,1,Process Create (rule: ProcessCreate),3460,1524
11/12/2024 17:52,Microsoft-Windows-Sysmon,1,Process Create (rule: ProcessCreate),26160,6044
11/12/2024 17:52,Microsoft-Windows-Sysmon,1,Process Create (rule: ProcessCreate),25620,21708
11/12/2024 17:52,Microsoft-Windows-Sysmon,1,Process Create (rule: ProcessCreate),14092,1340
11/12/2024 17:52,Microsoft-Windows-Sysmon,1,Process Create (rule: ProcessCreate),24504,1340
11/12/2024 17:52,Microsoft-Windows-Sysmon,1,Process Create (rule: ProcessCreate),23692,2924
11/12/2024 17:52,Microsoft-Windows-Sysmon,1,Process Create (rule: ProcessCreate),7456,1524
11/12/2024 17:52,Microsoft-Windows-Sysmon,1,Process Create (rule: ProcessCreate),18056,2924
11/12/2024 17:52,Microsoft-Windows-Sysmon,1,Process Create (rule: ProcessCreate),11976,2924
11/12/2024 17:52,Microsoft-Windows-Sysmon,1,Process Create (rule: ProcessCreate),16040,2924
11/12/2024 17:52,Microsoft-Windows-Sysmon,1,Process Create (rule: ProcessCreate),16912,1340
11/12/2024 17:52,Microsoft-Windows-Sysmon,1,Process Create (rule: ProcessCreate),6044,2924
11/12/2024 17:52,Microsoft-Windows-Sysmon,1,Process Create (rule: ProcessCreate),16084,2924
11/12/2024 6:28,Microsoft-Windows-Sysmon,1,Process Create (rule: ProcessCreate),21668,1340
11/12/2024 6:28,Microsoft-Windows-Sysmon,5,Process terminated (rule: ProcessTerminate),15132,
11/12/2024 6:27,Microsoft-Windows-Sysmon,5,Process terminated (rule: ProcessTerminate),12124,
11/12/2024 6:27,Microsoft-Windows-Sysmon,5,Process terminated (rule: ProcessTerminate),24596,
11/12/2024 6:27,Microsoft-Windows-Sysmon,5,Process terminated (rule: ProcessTerminate),24844,
11/12/2024 6:27,Microsoft-Windows-Sysmon,5,Process terminated (rule: ProcessTerminate),7004,
11/12/2024 6:27,Microsoft-Windows-Sysmon,1,Process Create (rule: ProcessCreate),7004,24844
11/12/2024 6:27,Microsoft-Windows-Sysmon,1,Process Create (rule: ProcessCreate),24844,17928
11/12/2024 6:27,Microsoft-Windows-Sysmon,5,Process terminated (rule: ProcessTerminate),18792,
11/12/2024 6:27,Microsoft-Windows-Sysmon,1,Process Create (rule: ProcessCreate),10800,1524
11/12/2024 6:27,Microsoft-Windows-Sysmon,5,Process terminated (rule: ProcessTerminate),19932,
11/12/2024 6:27,Microsoft-Windows-Sysmon,1,Process Create (rule: ProcessCreate),18584,1340
11/12/2024 6:27,Microsoft-Windows-Sysmon,5,Process terminated (rule: ProcessTerminate),21684,
11/12/2024 6:27,Microsoft-Windows-Sysmon,5,Process terminated (rule: ProcessTerminate),23464,
11/12/2024 6:27,Microsoft-Windows-Sysmon,1,Process Create (rule: ProcessCreate),23464,1340
11/12/2024 6:27,Microsoft-Windows-Sysmon,1,Process Create (rule: ProcessCreate),21684,2924
11/12/2024 6:27,Microsoft-Windows-Sysmon,1,Process Create (rule: ProcessCreate),19932,2924
11/12/2024 6:27,Microsoft-Windows-Sysmon,5,Process terminated (rule: ProcessTerminate),2320,
11/12/2024 6:27,Microsoft-Windows-Sysmon,5,Process terminated (rule: ProcessTerminate),9852,
11/12/2024 6:27,Microsoft-Windows-Sysmon,1,Process Create (rule: ProcessCreate),9852,2924
11/12/2024 6:27,Microsoft-Windows-Sysmon,5,Process terminated (rule: ProcessTerminate),9124,
11/12/2024 6:27,Microsoft-Windows-Sysmon,1,Process Create (rule: ProcessCreate),9124,2924
11/12/2024 6:27,Microsoft-Windows-Sysmon,5,Process terminated (rule: ProcessTerminate),20344,
11/12/2024 6:27,Microsoft-Windows-Sysmon,5,Process terminated (rule: ProcessTerminate),24512,
11/12/2024 6:27,Microsoft-Windows-Sysmon,5,Process terminated (rule: ProcessTerminate),25144,
11/12/2024 6:27,Microsoft-Windows-Sysmon,5,Process terminated (rule: ProcessTerminate),27016,
11/12/2024 6:27,Microsoft-Windows-Sysmon,5,Process terminated (rule: ProcessTerminate),18888,
11/12/2024 6:27,Microsoft-Windows-Sysmon,5,Process terminated (rule: ProcessTerminate),8284,
11/12/2024 6:27,Microsoft-Windows-Sysmon,1,Process Create (rule: ProcessCreate),8284,2924
11/12/2024 6:27,Microsoft-Windows-Sysmon,5,Process terminated (rule: ProcessTerminate),17608,
11/12/2024 6:27,Microsoft-Windows-Sysmon,1,Process Create (rule: ProcessCreate),16188,1340
11/12/2024 6:27,Microsoft-Windows-Sysmon,5,Process terminated (rule: ProcessTerminate),16304,
11/12/2024 6:27,Microsoft-Windows-Sysmon,5,Process terminated (rule: ProcessTerminate),3708,
11/12/2024 6:27,Microsoft-Windows-Sysmon,5,Process terminated (rule: ProcessTerminate),27008,
11/12/2024 6:27,Microsoft-Windows-Sysmon,1,Process Create (rule: ProcessCreate),19120,1340
11/12/2024 6:27,Microsoft-Windows-Sysmon,1,Process Create (rule: ProcessCreate),24512,17928
11/12/2024 6:27,Microsoft-Windows-Sysmon,5,Process terminated (rule: ProcessTerminate),9920,
11/12/2024 6:27,Microsoft-Windows-Sysmon,5,Process terminated (rule: ProcessTerminate),27072,
11/12/2024 6:27,Microsoft-Windows-Sysmon,1,Process Create (rule: ProcessCreate),14148,25972
11/12/2024 6:27,Microsoft-Windows-Sysmon,1,Process Create (rule: ProcessCreate),9920,27072
11/12/2024 6:27,Microsoft-Windows-Sysmon,1,Process Create (rule: ProcessCreate),27072,5300
11/12/2024 6:27,Microsoft-Windows-Sysmon,5,Process terminated (rule: ProcessTerminate),3728,
11/12/2024 6:27,Microsoft-Windows-Sysmon,5,Process terminated (rule: ProcessTerminate),19636,
11/12/2024 6:27,Microsoft-Windows-Sysmon,1,Process Create (rule: ProcessCreate),25972,1340
11/12/2024 6:27,Microsoft-Windows-Sysmon,1,Process Create (rule: ProcessCreate),3728,19636
11/12/2024 6:27,Microsoft-Windows-Sysmon,5,Process terminated (rule: ProcessTerminate),11952,
11/12/2024 6:27,Microsoft-Windows-Sysmon,5,Process terminated (rule: ProcessTerminate),7568,
11/12/2024 6:27,Microsoft-Windows-Sysmon,1,Process Create (rule: ProcessCreate),19636,5300
11/12/2024 6:27,Microsoft-Windows-Sysmon,5,Process terminated (rule: ProcessTerminate),22780,
11/12/2024 6:27,Microsoft-Windows-Sysmon,5,Process terminated (rule: ProcessTerminate),27236,
11/12/2024 6:27,Microsoft-Windows-Sysmon,5,Process terminated (rule: ProcessTerminate),19264,
11/12/2024 6:27,Microsoft-Windows-Sysmon,5,Process terminated (rule: ProcessTerminate),1508,
11/12/2024 6:27,Microsoft-Windows-Sysmon,5,Process terminated (rule: ProcessTerminate),21848,
11/12/2024 6:27,Microsoft-Windows-Sysmon,1,Process Create (rule: ProcessCreate),22780,19264
11/12/2024 6:27,Microsoft-Windows-Sysmon,1,Process Create (rule: ProcessCreate),19264,5300
11/12/2024 6:27,Microsoft-Windows-Sysmon,1,Process Create (rule: ProcessCreate),1508,21848
11/12/2024 6:27,Microsoft-Windows-Sysmon,1,Process Create (rule: ProcessCreate),21848,17928
11/12/2024 6:27,Microsoft-Windows-Sysmon,1,Process Create (rule: ProcessCreate),11952,2924
11/12/2024 6:27,Microsoft-Windows-Sysmon,5,Process terminated (rule: ProcessTerminate),2756,
11/12/2024 6:27,Microsoft-Windows-Sysmon,1,Process Create (rule: ProcessCreate),24736,1340
11/12/2024 6:27,Microsoft-Windows-Sysmon,1,Process Create (rule: ProcessCreate),7568,27236
11/12/2024 6:27,Microsoft-Windows-Sysmon,1,Process Create (rule: ProcessCreate),27528,16464
11/12/2024 6:27,Microsoft-Windows-Sysmon,1,Process Create (rule: ProcessCreate),19128,1524
11/12/2024 6:27,Microsoft-Windows-Sysmon,1,Process Create (rule: ProcessCreate),27236,1340
11/12/2024 6:27,Microsoft-Windows-Sysmon,1,Process Create (rule: ProcessCreate),16464,1340
11/12/2024 6:27,Microsoft-Windows-Sysmon,1,Process Create (rule: ProcessCreate),18792,1340
11/12/2024 6:27,Microsoft-Windows-Sysmon,5,Process terminated (rule: ProcessTerminate),24024,
11/12/2024 6:27,Microsoft-Windows-Sysmon,1,Process Create (rule: ProcessCreate),15432,10480
11/12/2024 6:27,Microsoft-Windows-Sysmon,5,Process terminated (rule: ProcessTerminate),6988,
11/12/2024 6:27,Microsoft-Windows-Sysmon,5,Process terminated (rule: ProcessTerminate),25412,
11/12/2024 6:27,Microsoft-Windows-Sysmon,1,Process Create (rule: ProcessCreate),20344,1340
11/12/2024 6:27,Microsoft-Windows-Sysmon,1,Process Create (rule: ProcessCreate),10480,1340
11/12/2024 6:27,Microsoft-Windows-Sysmon,1,Process Create (rule: ProcessCreate),12692,20692
11/12/2024 6:27,Microsoft-Windows-Sysmon,5,Process terminated (rule: ProcessTerminate),11328,
11/12/2024 6:27,Microsoft-Windows-Sysmon,5,Process terminated (rule: ProcessTerminate),25280,
11/12/2024 6:27,Microsoft-Windows-Sysmon,5,Process terminated (rule: ProcessTerminate),13776,
11/12/2024 6:27,Microsoft-Windows-Sysmon,1,Process Create (rule: ProcessCreate),15132,1524
11/12/2024 6:27,Microsoft-Windows-Sysmon,1,Process Create (rule: ProcessCreate),20692,2924
11/12/2024 6:27,Microsoft-Windows-Sysmon,1,Process Create (rule: ProcessCreate),20824,17928
11/12/2024 6:27,Microsoft-Windows-Sysmon,1,Process Create (rule: ProcessCreate),17928,2924
11/12/2024 6:27,Microsoft-Windows-Sysmon,1,Process Create (rule: ProcessCreate),24024,6988
11/12/2024 6:27,Microsoft-Windows-Sysmon,1,Process Create (rule: ProcessCreate),12124,24596
11/12/2024 6:27,Microsoft-Windows-Sysmon,1,Process Create (rule: ProcessCreate),17608,2924
11/12/2024 6:27,Microsoft-Windows-Sysmon,1,Process Create (rule: ProcessCreate),13776,9448
11/12/2024 6:27,Microsoft-Windows-Sysmon,1,Process Create (rule: ProcessCreate),6988,2924
11/12/2024 6:27,Microsoft-Windows-Sysmon,1,Process Create (rule: ProcessCreate),27008,2924
11/12/2024 6:27,Microsoft-Windows-Sysmon,1,Process Create (rule: ProcessCreate),3708,2924
11/12/2024 6:27,Microsoft-Windows-Sysmon,1,Process Create (rule: ProcessCreate),9448,1340
11/12/2024 6:27,Microsoft-Windows-Sysmon,5,Process terminated (rule: ProcessTerminate),19176,
11/12/2024 6:27,Microsoft-Windows-Sysmon,1,Process Create (rule: ProcessCreate),24596,2924
11/12/2024 6:27,Microsoft-Windows-Sysmon,1,Process Create (rule: ProcessCreate),19176,2924
11/12/2024 6:27,Microsoft-Windows-Sysmon,1,Process Create (rule: ProcessCreate),11328,25280
11/12/2024 6:27,Microsoft-Windows-Sysmon,1,Process Create (rule: ProcessCreate),25412,1524
11/12/2024 6:27,Microsoft-Windows-Sysmon,1,Process Create (rule: ProcessCreate),25280,2924
11/12/2024 6:27,Microsoft-Windows-Sysmon,1,Process Create (rule: ProcessCreate),16304,2924
11/12/2024 6:27,Microsoft-Windows-Sysmon,1,Process Create (rule: ProcessCreate),2756,2924
11/12/2024 6:27,Microsoft-Windows-Sysmon,1,Process Create (rule: ProcessCreate),5708,2924
11/12/2024 6:27,Microsoft-Windows-Sysmon,1,Process Create (rule: ProcessCreate),18888,1524
11/12/2024 6:27,Microsoft-Windows-Sysmon,1,Process Create (rule: ProcessCreate),17632,1340
11/12/2024 6:27,Microsoft-Windows-Sysmon,5,Process terminated (rule: ProcessTerminate),4220,
11/12/2024 6:27,Microsoft-Windows-Sysmon,5,Process terminated (rule: ProcessTerminate),20328,
11/12/2024 6:27,Microsoft-Windows-Sysmon,1,Process Create (rule: ProcessCreate),25144,2924
11/12/2024 6:27,Microsoft-Windows-Sysmon,1,Process Create (rule: ProcessCreate),4220,2924
11/12/2024 6:27,Microsoft-Windows-Sysmon,1,Process Create (rule: ProcessCreate),20328,2924
11/12/2024 6:27,Microsoft-Windows-Sysmon,1,Process Create (rule: ProcessCreate),27000,1340
11/12/2024 4:33,Microsoft-Windows-Sysmon,5,Process terminated (rule: ProcessTerminate),20856,
11/12/2024 4:33,Microsoft-Windows-Sysmon,5,Process terminated (rule: ProcessTerminate),2428,
11/12/2024 4:33,Microsoft-Windows-Sysmon,1,Process Create (rule: ProcessCreate),20856,2428
11/12/2024 4:33,Microsoft-Windows-Sysmon,1,Process Create (rule: ProcessCreate),2428,10972
11/12/2024 2:24,Microsoft-Windows-Sysmon,1,Process Create (rule: ProcessCreate),22420,1340
11/12/2024 2:23,Microsoft-Windows-Sysmon,5,Process terminated (rule: ProcessTerminate),26164,
11/12/2024 2:23,Microsoft-Windows-Sysmon,5,Process terminated (rule: ProcessTerminate),22336,
11/12/2024 1:50,Microsoft-Windows-Sysmon,5,Process terminated (rule: ProcessTerminate),18768,
11/12/2024 1:50,Microsoft-Windows-Sysmon,5,Process terminated (rule: ProcessTerminate),24676,
11/12/2024 1:50,Microsoft-Windows-Sysmon,5,Process terminated (rule: ProcessTerminate),11284,
11/12/2024 0:33,Microsoft-Windows-Sysmon,5,Process terminated (rule: ProcessTerminate),20768,
11/12/2024 0:27,Microsoft-Windows-Sysmon,5,Process terminated (rule: ProcessTerminate),17572,
11/12/2024 0:27,Microsoft-Windows-Sysmon,1,Process Create (rule: ProcessCreate),20768,1340
11/12/2024 0:27,Microsoft-Windows-Sysmon,1,Process Create (rule: ProcessCreate),13944,25224
11/12/2024 0:27,Microsoft-Windows-Sysmon,1,Process Create (rule: ProcessCreate),25224,1340
11/12/2024 0:27,Microsoft-Windows-Sysmon,1,Process Create (rule: ProcessCreate),27016,1524
11/12/2024 0:27,Microsoft-Windows-Sysmon,1,Process Create (rule: ProcessCreate),17572,2924
11/12/2024 0:27,Microsoft-Windows-Sysmon,1,Process Create (rule: ProcessCreate),5128,13356
11/12/2024 0:27,Microsoft-Windows-Sysmon,1,Process Create (rule: ProcessCreate),24676,1524
11/12/2024 0:26,Microsoft-Windows-Sysmon,5,Process terminated (rule: ProcessTerminate),4624,
11/12/2024 0:25,Microsoft-Windows-Sysmon,5,Process terminated (rule: ProcessTerminate),11728,
11/12/2024 0:25,Microsoft-Windows-Sysmon,5,Process terminated (rule: ProcessTerminate),23280,
11/12/2024 0:25,Microsoft-Windows-Sysmon,1,Process Create (rule: ProcessCreate),4624,1524
11/12/2024 0:24,Microsoft-Windows-Sysmon,5,Process terminated (rule: ProcessTerminate),26540,
11/12/2024 0:24,Microsoft-Windows-Sysmon,5,Process terminated (rule: ProcessTerminate),340,
11/12/2024 0:24,Microsoft-Windows-Sysmon,5,Process terminated (rule: ProcessTerminate),24780,
11/12/2024 0:24,Microsoft-Windows-Sysmon,1,Process Create (rule: ProcessCreate),24780,2924
11/12/2024 0:24,Microsoft-Windows-Sysmon,1,Process Create (rule: ProcessCreate),340,2924
11/12/2024 0:24,Microsoft-Windows-Sysmon,5,Process terminated (rule: ProcessTerminate),22736,
11/12/2024 0:24,Microsoft-Windows-Sysmon,5,Process terminated (rule: ProcessTerminate),3768,
11/12/2024 0:24,Microsoft-Windows-Sysmon,5,Process terminated (rule: ProcessTerminate),1380,
11/12/2024 0:24,Microsoft-Windows-Sysmon,5,Process terminated (rule: ProcessTerminate),9056,
11/12/2024 0:24,Microsoft-Windows-Sysmon,5,Process terminated (rule: ProcessTerminate),24500,
11/12/2024 0:23,Microsoft-Windows-Sysmon,1,Process Create (rule: ProcessCreate),11284,4448
11/12/2024 0:22,Microsoft-Windows-Sysmon,1,Process Create (rule: ProcessCreate),23280,14076
11/12/2024 0:22,Microsoft-Windows-Sysmon,1,Process Create (rule: ProcessCreate),22736,1524
11/12/2024 0:21,Microsoft-Windows-Sysmon,5,Process terminated (rule: ProcessTerminate),24000,
11/12/2024 0:21,Microsoft-Windows-Sysmon,5,Process terminated (rule: ProcessTerminate),24196,
11/12/2024 0:21,Microsoft-Windows-Sysmon,5,Process terminated (rule: ProcessTerminate),24596,
11/12/2024 0:21,Microsoft-Windows-Sysmon,5,Process terminated (rule: ProcessTerminate),25412,
11/12/2024 0:20,Microsoft-Windows-Sysmon,5,Process terminated (rule: ProcessTerminate),23560,
11/12/2024 0:20,Microsoft-Windows-Sysmon,5,Process terminated (rule: ProcessTerminate),9364,
11/12/2024 0:20,Microsoft-Windows-Sysmon,5,Process terminated (rule: ProcessTerminate),20512,
11/12/2024 0:20,Microsoft-Windows-Sysmon,1,Process Create (rule: ProcessCreate),23560,1340
11/12/2024 0:20,Microsoft-Windows-Sysmon,5,Process terminated (rule: ProcessTerminate),23304,
11/12/2024 0:20,Microsoft-Windows-Sysmon,1,Process Create (rule: ProcessCreate),20512,2924
11/12/2024 0:20,Microsoft-Windows-Sysmon,5,Process terminated (rule: ProcessTerminate),22164,
11/12/2024 0:19,Microsoft-Windows-Sysmon,5,Process terminated (rule: ProcessTerminate),4428,
11/12/2024 0:19,Microsoft-Windows-Sysmon,5,Process terminated (rule: ProcessTerminate),4236,
11/12/2024 0:19,Microsoft-Windows-Sysmon,5,Process terminated (rule: ProcessTerminate),20228,
11/12/2024 0:19,Microsoft-Windows-Sysmon,5,Process terminated (rule: ProcessTerminate),24832,
11/12/2024 0:19,Microsoft-Windows-Sysmon,5,Process terminated (rule: ProcessTerminate),6472,
11/12/2024 0:19,Microsoft-Windows-Sysmon,5,Process terminated (rule: ProcessTerminate),6740,
11/12/2024 0:19,Microsoft-Windows-Sysmon,1,Process Create (rule: ProcessCreate),9364,1524
11/12/2024 0:19,Microsoft-Windows-Sysmon,1,Process Create (rule: ProcessCreate),9056,1524
11/12/2024 0:19,Microsoft-Windows-Sysmon,1,Process Create (rule: ProcessCreate),3768,1340
11/12/2024 0:19,Microsoft-Windows-Sysmon,1,Process Create (rule: ProcessCreate),26540,1524
11/12/2024 0:19,Microsoft-Windows-Sysmon,1,Process Create (rule: ProcessCreate),1380,1524
11/12/2024 0:19,Microsoft-Windows-Sysmon,5,Process terminated (rule: ProcessTerminate),2652,
11/12/2024 0:19,Microsoft-Windows-Sysmon,5,Process terminated (rule: ProcessTerminate),16684,
11/12/2024 0:19,Microsoft-Windows-Sysmon,1,Process Create (rule: ProcessCreate),2652,1524
11/12/2024 0:19,Microsoft-Windows-Sysmon,1,Process Create (rule: ProcessCreate),16684,1524
11/12/2024 0:19,Microsoft-Windows-Sysmon,1,Process Create (rule: ProcessCreate),25412,1340
11/12/2024 0:19,Microsoft-Windows-Sysmon,1,Process Create (rule: ProcessCreate),24196,1524
11/12/2024 0:19,Microsoft-Windows-Sysmon,1,Process Create (rule: ProcessCreate),24596,1340
11/12/2024 0:19,Microsoft-Windows-Sysmon,1,Process Create (rule: ProcessCreate),23304,1340
11/12/2024 0:19,Microsoft-Windows-Sysmon,1,Process Create (rule: ProcessCreate),24000,1524
11/12/2024 0:19,Microsoft-Windows-Sysmon,1,Process Create (rule: ProcessCreate),22164,1340
11/12/2024 0:19,Microsoft-Windows-Sysmon,1,Process Create (rule: ProcessCreate),4428,2924
11/12/2024 0:19,Microsoft-Windows-Sysmon,1,Process Create (rule: ProcessCreate),5192,1340
11/12/2024 0:19,Microsoft-Windows-Sysmon,5,Process terminated (rule: ProcessTerminate),3604,
11/12/2024 0:19,Microsoft-Windows-Sysmon,1,Process Create (rule: ProcessCreate),20228,1524
11/12/2024 0:19,Microsoft-Windows-Sysmon,1,Process Create (rule: ProcessCreate),3604,1524
11/12/2024 0:18,Microsoft-Windows-Sysmon,5,Process terminated (rule: ProcessTerminate),26660,
11/12/2024 0:18,Microsoft-Windows-Sysmon,1,Process Create (rule: ProcessCreate),26660,1524
11/12/2024 0:18,Microsoft-Windows-Sysmon,5,Process terminated (rule: ProcessTerminate),11152,
11/12/2024 0:18,Microsoft-Windows-Sysmon,1,Process Create (rule: ProcessCreate),11152,1524
11/12/2024 0:18,Microsoft-Windows-Sysmon,5,Process terminated (rule: ProcessTerminate),26680,
11/12/2024 0:18,Microsoft-Windows-Sysmon,5,Process terminated (rule: ProcessTerminate),11956,
11/12/2024 0:18,Microsoft-Windows-Sysmon,1,Process Create (rule: ProcessCreate),26680,1524
11/12/2024 0:17,Microsoft-Windows-Sysmon,5,Process terminated (rule: ProcessTerminate),21628,
11/12/2024 0:17,Microsoft-Windows-Sysmon,5,Process terminated (rule: ProcessTerminate),11868,
11/12/2024 0:17,Microsoft-Windows-Sysmon,1,Process Create (rule: ProcessCreate),6740,14076
11/12/2024 0:17,Microsoft-Windows-Sysmon,1,Process Create (rule: ProcessCreate),11868,21708
11/12/2024 0:17,Microsoft-Windows-Sysmon,5,Process terminated (rule: ProcessTerminate),4784,
11/12/2024 0:17,Microsoft-Windows-Sysmon,1,Process Create (rule: ProcessCreate),12204,21708
11/12/2024 0:17,Microsoft-Windows-Sysmon,1,Process Create (rule: ProcessCreate),6472,14076
11/12/2024 0:17,Microsoft-Windows-Sysmon,5,Process terminated (rule: ProcessTerminate),15824,
11/12/2024 0:17,Microsoft-Windows-Sysmon,1,Process Create (rule: ProcessCreate),15824,21708
11/12/2024 0:17,Microsoft-Windows-Sysmon,1,Process Create (rule: ProcessCreate),4784,21708
11/12/2024 0:17,Microsoft-Windows-Sysmon,5,Process terminated (rule: ProcessTerminate),3736,
11/12/2024 0:17,Microsoft-Windows-Sysmon,5,Process terminated (rule: ProcessTerminate),10532,
11/12/2024 0:16,Microsoft-Windows-Sysmon,1,Process Create (rule: ProcessCreate),4236,14076
11/12/2024 0:16,Microsoft-Windows-Sysmon,5,Process terminated (rule: ProcessTerminate),12692,
11/12/2024 0:16,Microsoft-Windows-Sysmon,1,Process Create (rule: ProcessCreate),10532,21708
11/12/2024 0:16,Microsoft-Windows-Sysmon,1,Process Create (rule: ProcessCreate),12692,21708
11/12/2024 0:16,Microsoft-Windows-Sysmon,5,Process terminated (rule: ProcessTerminate),1152,
11/12/2024 0:16,Microsoft-Windows-Sysmon,1,Process Create (rule: ProcessCreate),21628,21708
11/12/2024 0:16,Microsoft-Windows-Sysmon,5,Process terminated (rule: ProcessTerminate),26180,
11/12/2024 0:16,Microsoft-Windows-Sysmon,5,Process terminated (rule: ProcessTerminate),17728,
11/12/2024 0:16,Microsoft-Windows-Sysmon,5,Process terminated (rule: ProcessTerminate),11528,
11/12/2024 0:16,Microsoft-Windows-Sysmon,5,Process terminated (rule: ProcessTerminate),27360,
11/12/2024 0:16,Microsoft-Windows-Sysmon,5,Process terminated (rule: ProcessTerminate),26956,
11/12/2024 0:16,Microsoft-Windows-Sysmon,5,Process terminated (rule: ProcessTerminate),26488,
11/12/2024 0:16,Microsoft-Windows-Sysmon,1,Process Create (rule: ProcessCreate),26180,11528
11/12/2024 0:16,Microsoft-Windows-Sysmon,1,Process Create (rule: ProcessCreate),11528,1340
11/12/2024 0:16,Microsoft-Windows-Sysmon,1,Process Create (rule: ProcessCreate),17728,27360
11/12/2024 0:16,Microsoft-Windows-Sysmon,1,Process Create (rule: ProcessCreate),27360,1340
11/12/2024 0:16,Microsoft-Windows-Sysmon,1,Process Create (rule: ProcessCreate),26956,26488
11/12/2024 0:16,Microsoft-Windows-Sysmon,5,Process terminated (rule: ProcessTerminate),2996,
11/12/2024 0:16,Microsoft-Windows-Sysmon,1,Process Create (rule: ProcessCreate),26488,2924
11/12/2024 0:16,Microsoft-Windows-Sysmon,1,Process Create (rule: ProcessCreate),2996,2924
11/12/2024 0:15,Microsoft-Windows-Sysmon,5,Process terminated (rule: ProcessTerminate),26476,
11/12/2024 0:15,Microsoft-Windows-Sysmon,1,Process Create (rule: ProcessCreate),2320,1524
11/12/2024 0:15,Microsoft-Windows-Sysmon,5,Process terminated (rule: ProcessTerminate),15736,
11/12/2024 0:15,Microsoft-Windows-Sysmon,1,Process Create (rule: ProcessCreate),1152,1524
11/12/2024 0:15,Microsoft-Windows-Sysmon,1,Process Create (rule: ProcessCreate),15736,2924
11/12/2024 0:15,Microsoft-Windows-Sysmon,5,Process terminated (rule: ProcessTerminate),17052,
11/12/2024 0:15,Microsoft-Windows-Sysmon,1,Process Create (rule: ProcessCreate),3736,1524
11/12/2024 0:15,Microsoft-Windows-Sysmon,5,Process terminated (rule: ProcessTerminate),24196,
11/12/2024 0:15,Microsoft-Windows-Sysmon,5,Process terminated (rule: ProcessTerminate),18900,
11/12/2024 0:15,Microsoft-Windows-Sysmon,1,Process Create (rule: ProcessCreate),14308,1340
11/12/2024 0:15,Microsoft-Windows-Sysmon,4,Sysmon service state changed,,
11/12/2024 0:15,Microsoft-Windows-Sysmon,16,Sysmon config state changed,,
